{
  "train_loss": [
    0.34714540810906513,
    0.3283804958094056,
    0.3044803296390964,
    0.28810477745568247,
    0.2770062294162323,
    0.26915065299552404,
    0.26216638197123715,
    0.2555850236279115,
    0.24946198620325272,
    0.24376169047746327,
    0.23833003635592553,
    0.23359254448843855,
    0.22906614568433004
  ],
  "val_loss": [
    0.3367976462051389,
    0.3158297983779367,
    0.2999692098689788,
    0.2909209182399683,
    0.28722217698557645,
    0.2833991411022598,
    0.2817641447160471,
    0.28046139699855854,
    0.2819920273443392,
    0.2805852237775772,
    0.28068082434203945,
    0.28262347174178176,
    0.28405737281453486
  ]
}