{
  "train_loss": [
    0.37204849521699607,
    0.3007399490737433,
    0.2723057328440456,
    0.2528000360949764,
    0.2371547301848819,
    0.22380615317073663,
    0.21268531557671647,
    0.20314162988168605,
    0.1953660465197281,
    0.18940889414972845
  ],
  "val_loss": [
    0.317160451500894,
    0.29191740829978124,
    0.27653470427113197,
    0.27108871441867965,
    0.26962833851625934,
    0.27206898475872004,
    0.2758144653537409,
    0.2812992035415281,
    0.28810831136404613,
    0.2937554060351465
  ]
}