{
  "train_loss": [
    0.3673452907152584,
    0.2906585010107635,
    0.2662241918126545,
    0.2488610731352516,
    0.23381977956977856,
    0.22062505957188702,
    0.2092881583924502,
    0.19970830320632937,
    0.19254656467319317,
    0.1870575006752656
  ],
  "val_loss": [
    0.3070667929771585,
    0.2855937989598128,
    0.27608189775069236,
    0.27216660019083005,
    0.2716156102346345,
    0.27471831783058964,
    0.27966002768818826,
    0.28540154077996466,
    0.29176177669841313,
    0.29839908737209714
  ]
}