{
  "train_loss": [
    0.2090278203797549,
    0.19466034878058258,
    0.18389572409359958,
    0.17459887076156974,
    0.16641630896202933,
    0.1590942575759485,
    0.1526048810685232,
    0.14667351251736227,
    0.14129151125066516,
    0.13648065225277575,
    0.13212597357182937
  ],
  "val_loss": [
    0.2692927094062761,
    0.2762336947981515,
    0.28387350812698553,
    0.2939416116873658,
    0.3020990558019301,
    0.31384382947912765,
    0.3258016355769421,
    0.3359799351340149,
    0.34735841267393286,
    0.3592068136854635,
    0.37026573133276736
  ]
}