{
  "train_loss": [
    0.3342801583091547,
    0.24934581206802564,
    0.2039871674388636,
    0.16900952793768964,
    0.14405936084382498,
    0.1251982709156325,
    0.10993345668199077
  ],
  "val_loss": [
    0.28122436155150254,
    0.26636782800328473,
    0.27845523821563256,
    0.30711449064659385,
    0.34280524302610893,
    0.38180673296442835,
    0.42577210173887364
  ]
}