{
  "train_loss": [
    0.3589482261110403,
    0.2779554466295092,
    0.2491436663427179,
    0.22194540017136616,
    0.19409398595628477,
    0.16809448469940733,
    0.14678033236465537,
    0.12997883697714288
  ],
  "val_loss": [
    0.299123520911383,
    0.2768305878070024,
    0.2690870395567919,
    0.2705819731926998,
    0.2832406245582419,
    0.3057621293618589,
    0.3328549560723836,
    0.36579407397903496
  ]
}