{
  "train_loss": [
    0.34681988877163095,
    0.3281427327390786,
    0.30261119410045056,
    0.2850975673510654,
    0.2734666232456508,
    0.26529675638457906,
    0.25791660900222124,
    0.25115496016909716,
    0.24505129353778005,
    0.2395494633436275,
    0.23452516468598575,
    0.2299592016423153,
    0.22573380952059705,
    0.22185498996123304
  ],
  "val_loss": [
    0.3377140962680637,
    0.31496198754934,
    0.2980301275376693,
    0.28817201233235223,
    0.2833480904397803,
    0.28111815747735724,
    0.27956251694778694,
    0.2789725436029837,
    0.2781777605983746,
    0.28017267246143773,
    0.28075111618230736,
    0.28156974988481104,
    0.2837720073785027,
    0.2883019703976362
  ]
}