{
  "train_loss": [
    0.3699515537822842,
    0.29849576106565273,
    0.2697118605225297,
    0.250333666405241,
    0.23299274878031132,
    0.21725397519412717,
    0.20378852457102067,
    0.1922891287851758,
    0.18284790348215368,
    0.1746888964147506
  ],
  "val_loss": [
    0.3148496339088186,
    0.28981876154635655,
    0.2772817321065655,
    0.27185214614829206,
    0.2712193901123442,
    0.2756058342699494,
    0.28231559528871153,
    0.29107363132974085,
    0.30082277148310294,
    0.31121785006540376
  ]
}