{
  "train_loss": [
    0.37014453862186325,
    0.2859228346265388,
    0.2589833307737374,
    0.2399748193151121,
    0.22437184279803893,
    0.20980604049805643,
    0.1959275551344147,
    0.18345934420382962,
    0.1730046021669753
  ],
  "val_loss": [
    0.3066788618625832,
    0.2816183943440794,
    0.2716684896812338,
    0.2697828437878294,
    0.27218170387022234,
    0.27789061439637985,
    0.2875236187774493,
    0.298736228096531,
    0.3115902736127523
  ]
}